City ID,City,Country,Lat,Lng,Temperature,Humidity,Clouds,Wind Speed
5882953,Aklavik,CA,68.2191,-135.0107,-20.2,69,75,3.44
909887,Luangwa,ZM,-15.6167,30.4167,91.69,22,35,5.26
4023117,Dolores Hidalgo Cuna de la Independencia Nacional,MX,21.1561,-100.9308,60.87,34,48,3.44
2170430,Cootamundra,AU,-34.65,148.0333,53.94,72,100,18.34
2037485,Erenhot,CN,43.6475,111.9767,22.95,57,0,4.21
3459352,Ladário,BR,-19.0047,-57.6017,95.29,46,20,11.5
2264557,Ponta do Sol,PT,32.6667,-17.1,68.18,67,26,3.2
1529376,Korla,CN,41.7597,86.1469,31.84,47,100,2.1
2180815,Tuatapere,NZ,-46.1333,167.6833,42.82,86,96,3.74
368246,Raja,SS,8.4596,25.678,85.23,23,79,5.08
2171099,Codrington,AU,-38.2667,141.9667,45.52,86,19,7.36
2156927,Moree,AU,-29.4667,149.85,64.42,72,100,8.05
5367788,Lompoc,US,34.6391,-120.4579,60.42,74,0,18.99
5848280,Kapaa,US,22.0752,-159.319,65.12,59,96,12.84
2729907,Longyearbyen,SJ,78.2186,15.6401,-2.16,94,45,3.71
5991888,Killam,CA,52.7834,-111.8518,-6.2,77,86,9.22
359783,Assiut,EG,27.181,31.1837,62.78,45,98,7.92
2206939,Bluff,NZ,-46.6,168.3333,42.8,61,87,10.87
4031637,Lavrentiya,RU,65.5833,-171.0,30.61,99,100,18.23
3355624,Maltahöhe,NA,-24.8333,16.9833,76.8,12,0,16.13
3369157,Cape Town,ZA,-33.9258,18.4232,62.53,88,75,5.01
6201424,Mataura,NZ,-46.1927,168.8643,42.48,98,98,1.57
2126123,Chokurdakh,RU,70.6333,147.9167,-42.3,100,60,4.85
3883457,Lebu,CL,-37.6167,-73.65,64.15,60,0,16.62
4004293,Ixtapa,MX,20.7,-105.2,82.22,62,97,1.01
4030556,Rikitea,PF,-23.1203,-134.9692,75.38,75,71,7.78
1260232,Partāpur,IN,23.6,74.1667,73.22,49,31,3.44
2075265,Busselton,AU,-33.65,115.3333,61.05,82,0,15.68
2163355,Hobart,AU,-42.8794,147.3294,51.22,61,10,10.36
1015776,Bredasdorp,ZA,-34.5322,20.0403,64.27,89,83,7.05
5746545,Portland,US,45.5234,-122.6762,38.01,90,100,1.01
6165406,Thompson,CA,55.7435,-97.8558,-25.44,75,20,3.44
3366880,Hermanus,ZA,-34.4187,19.2345,64.8,94,92,12.17
3874787,Punta Arenas,CL,-53.15,-70.9167,55.51,47,20,25.32
3466704,Castro,BR,-24.7911,-50.0119,82.72,40,37,3.85
546105,Nikolskoye,RU,59.7035,30.7861,1.29,96,24,5.17
3833367,Ushuaia,AR,-54.8,-68.3,47.86,66,75,23.02
347634,Ţahţā,EG,26.7693,31.5021,62.92,40,100,4.07
986717,Kruisfontein,ZA,-34.0033,24.7314,69.89,91,80,0.98
2063036,Port Lincoln,AU,-34.7333,135.8667,57.49,83,36,5.75
189741,Lamu,KE,-2.2717,40.902,80.17,75,99,10.51
2012938,Yerofey Pavlovich,RU,53.9667,121.9667,7.39,87,93,5.35
2017155,Saskylakh,RU,71.9167,114.0833,-24.0,95,100,12.53
6089245,Norman Wells,CA,65.282,-126.8329,-20.56,87,5,4.03
64814,Bandarbeyla,SO,9.4942,50.8122,77.94,61,7,17.49
6149996,Smithers,CA,54.7804,-127.1743,10.72,85,75,2.3
5563839,Fortuna,US,40.5982,-124.1573,47.25,75,90,4.0
2018553,Ol'ga,RU,43.7444,135.2892,27.82,76,1,6.71
5742974,North Bend,US,43.4065,-124.2243,43.3,98,70,6.73
6696258,Campbellton,CA,48.0075,-66.6727,18.05,54,57,11.32
2252606,Bakel,SN,14.905,-12.4568,94.89,9,97,11.36
1489853,Tazovsky,RU,67.4667,78.7,-20.6,95,25,13.67
1529660,Aksu,CN,41.1231,80.2644,32.5,41,100,3.22
3985710,Cabo San Lucas,MX,22.8909,-109.9124,80.04,74,97,4.79
3893629,Coquimbo,CL,-29.9533,-71.3436,62.33,77,75,12.66
2381972,Adrar,MR,20.5022,-10.0711,72.86,11,100,11.88
2562247,Marsaxlokk,MT,35.8419,14.5431,57.81,72,20,10.36
3115824,Muros,ES,42.7762,-9.0603,53.87,83,66,13.2
3424607,Tasiilaq,GL,65.6145,-37.6368,29.3,92,99,38.81
5855927,Hilo,US,19.7297,-155.09,69.98,98,100,8.9
2014718,Tynda,RU,55.1667,124.7167,8.04,97,100,1.54
1735106,George Town,MY,5.4112,100.3354,78.15,81,20,1.99
3388456,São José da Coroa Grande,BR,-8.8978,-35.1478,82.04,74,43,11.3
98182,Baghdad,IQ,33.3406,44.4009,53.51,50,0,4.61
1714733,Dingle,PH,10.9995,122.6711,72.18,91,80,7.74
964432,Port Alfred,ZA,-33.5906,26.891,69.8,97,100,14.92
3185728,Durrës,AL,41.3231,19.4414,53.78,75,100,23.64
3372707,Ribeira Grande,PT,38.5167,-28.7,66.6,63,40,9.22
1819729,Hong Kong,HK,22.2855,114.1577,63.3,64,24,9.22
3831208,Qaanaaq,GL,77.484,-69.3632,19.69,71,87,5.5
6167817,Torbay,CA,47.6666,-52.7314,35.31,68,40,9.22
3652764,Puerto Ayora,EC,-0.7393,-90.3518,71.56,79,73,10.27
3896924,Cañete,CL,-37.8,-73.4,75.79,38,0,9.08
1529484,Kumul,CN,42.8,93.45,30.51,48,45,5.66
558312,Gryazi,RU,52.4966,39.9359,27.68,70,21,4.45
3358416,Bethanien,NA,-26.502,17.1583,74.98,27,0,19.28
1507390,Dikson,RU,73.5069,80.5464,3.74,94,100,11.88
3628473,San Cristobal,VE,7.7669,-72.225,78.98,43,80,8.72
3839307,Rawson,AR,-43.3002,-65.1023,74.77,39,0,12.1
2070998,Geraldton,AU,-28.7667,114.6,70.21,73,0,18.41
5859699,College,US,64.8569,-147.8028,-14.49,76,55,3.85
3372964,Lagoa,PT,39.05,-27.9833,62.98,74,98,12.44
3183284,Alghero,IT,40.5589,8.3181,48.29,81,40,6.91
176555,Kawambwa,ZM,-9.7915,29.0791,72.07,59,57,5.86
244878,Biltine,TD,14.5333,20.9167,84.69,17,49,6.46
927856,Livingstonia,MW,-10.606,34.1063,72.12,62,31,4.27
5880054,Barrow,US,71.2906,-156.7887,6.17,85,100,12.08
1651103,Atambua,ID,-9.1061,124.8925,74.91,87,100,0.92
2139521,Noumea,NC,-22.2763,166.4572,80.01,99,83,11.97
3374210,São Filipe,CV,14.8961,-24.4956,77.05,70,80,8.39
2155415,New Norfolk,AU,-42.7826,147.0587,49.35,55,10,2.44
2015306,Tiksi,RU,71.6872,128.8694,-12.46,95,100,5.95
4255151,Bud,US,39.447,-86.1758,42.3,67,100,13.47
3899695,Ancud,CL,-41.8697,-73.8203,74.73,61,18,6.13
86049,Jalu,LY,29.0331,21.5482,62.13,50,0,7.09
556268,Ostrovnoy,RU,68.0531,39.5131,4.32,86,83,16.02
5866583,Saint Paul Harbor,US,57.79,-152.4072,27.91,93,90,4.61
4034551,Faanui,PF,-16.4833,-151.75,81.39,66,28,15.84
3468720,Buritizeiro,BR,-17.3511,-44.9622,85.44,51,59,3.98
6316343,Alta Floresta,BR,-9.8756,-56.0861,84.76,73,82,2.1
3480908,La Asuncion,VE,11.0333,-63.8628,83.93,74,43,17.27
2334652,Keffi,NG,8.8486,7.8736,95.38,25,67,4.5
5106841,Albany,US,42.6001,-73.9662,38.89,56,100,1.77
5122534,Jamestown,US,42.097,-79.2353,36.18,43,100,8.01
4020109,Atuona,PF,-9.8,-139.0333,78.01,77,24,19.33
3984997,San Quintín,MX,30.4833,-115.95,62.53,75,40,8.19
6355222,Yulara,AU,-25.2406,130.9889,69.64,56,0,10.36
2098329,Daru,PG,-9.0763,143.2092,78.82,83,100,1.81
3691954,Sechura,PE,-5.5569,-80.8222,78.85,55,93,11.23
763166,Olsztyn,PL,53.7799,20.4942,31.96,84,100,8.86
1267390,Kavaratti,IN,10.5669,72.642,82.08,70,33,13.04
2264923,Peniche,PT,39.3558,-9.3811,56.79,77,79,19.1
4035715,Avarua,CK,-21.2078,-159.775,78.85,89,75,5.75
496358,Severnyy,RU,50.677,36.5532,23.04,100,72,4.47
3421319,Nuuk,GL,64.1835,-51.7216,25.88,86,100,24.0
1651810,Airai,TL,-8.9266,125.4092,61.77,93,100,0.38
1927639,Yueyang,CN,29.3333,113.0919,51.39,34,0,2.06
1847947,Shingū,JP,33.7333,135.9833,50.05,86,100,4.85
1337619,Ugoofaaru,MV,5.6667,73.0,82.62,73,47,10.0
3141332,Røros,NO,62.5747,11.3842,6.64,85,40,10.36
1259385,Port Blair,IN,11.6667,92.75,79.16,70,57,10.18
1282256,Hithadhoo,MV,-0.6,73.0833,81.52,79,100,15.41
212902,Kindu,CD,-2.95,25.95,72.03,97,100,1.95
2126199,Cherskiy,RU,68.75,161.3,-46.77,100,81,5.01
2122090,Pevek,RU,69.7008,170.3133,-9.51,95,100,3.58
478532,Urzhum,RU,57.1141,49.9996,10.81,75,80,6.93
3932145,Pisco,PE,-13.7,-76.2167,69.85,83,75,11.5
3402648,Carutapera,BR,-1.195,-46.02,84.69,71,38,10.51
3378690,Catherinas Lust,GY,6.4,-57.6,81.19,75,88,7.87
933778,Francistown,BW,-21.17,27.5079,79.99,45,99,7.7
2618795,Klaksvík,FO,62.2266,-6.589,27.52,53,53,3.29
2527087,Tiznit Province,MA,29.5833,-9.5,63.57,36,34,5.59
3870243,Taltal,CL,-25.4,-70.4833,68.56,62,29,6.96
3838859,Río Gallegos,AR,-51.6226,-69.2181,62.65,25,40,21.85
3416888,Grindavik,IS,63.8424,-22.4338,39.67,93,90,54.09
3395497,Maracaçumé,BR,-2.0428,-45.9592,90.55,50,56,7.02
934322,Mahébourg,MU,-20.4081,57.7,79.09,78,40,8.05
5282297,Bethel,US,41.3712,-73.414,43.11,46,89,0.67
569497,Chelno-Vershiny,RU,54.4333,51.1,26.11,86,100,3.47
1581349,Ha Giang,VN,22.8333,104.9833,59.92,86,22,1.74
2208248,Kaitangata,NZ,-46.2817,169.8464,48.92,73,97,5.01
2181625,Te Anau,NZ,-45.4167,167.7167,42.98,97,99,4.54
1006984,East London,ZA,-33.0153,27.9116,70.74,100,40,6.91
4726521,San Patricio,US,28.017,-97.5169,78.3,66,94,15.35
6451497,Hyères,FR,43.1167,6.1167,46.63,52,0,16.11
358620,Safaga,EG,26.7292,33.9365,71.55,33,97,11.88
1516048,Khovd,MN,48.0056,91.6419,17.8,62,88,1.36
625721,Lyuban',BY,52.7985,28.0048,27.19,89,100,5.19
3423146,Ilulissat,GL,69.2167,-51.1,33.04,63,100,15.79
1258553,Rāmtek,IN,21.4,79.3333,66.96,52,0,4.27
4034496,Fare,PF,-16.7,-151.0167,80.29,73,46,17.98
3664539,Coari,BR,-4.085,-63.1414,92.34,49,77,3.29
1293625,Dawei,MM,14.0833,98.2,63.16,67,20,7.45
542024,Krasnoye-na-Volge,RU,57.5125,41.2419,-2.7,95,66,6.02
1484923,Zykovo,RU,55.9519,93.1461,30.94,74,88,12.06
3354071,Oranjemund,NA,-28.55,16.4333,64.24,86,10,11.92
3663503,Manicoré,BR,-5.8092,-61.3003,88.84,62,99,0.6
2400547,Gamba,GA,-2.65,10.0,79.83,85,86,7.81
6170031,Tuktoyaktuk,CA,69.4541,-133.0374,-20.2,76,40,11.5
5380420,Pacifica,US,37.6138,-122.4869,50.29,91,90,1.01
1253628,Ginda,IN,30.6945,78.4932,43.92,79,8,5.7
2022572,Khatanga,RU,71.9667,102.5,-16.87,96,100,13.98
4031574,Provideniya,RU,64.3833,-173.3,31.53,98,100,25.37
3466165,Cidreira,BR,-30.1811,-50.2056,74.34,77,65,13.42
4273299,Hutchinson,US,38.0608,-97.9298,53.11,48,5,13.76
1490256,Talnakh,RU,69.4865,88.3972,-21.8,100,100,14.34
2024626,Dzhebariki-Khaya,RU,62.2167,135.8,-4.31,99,100,3.31
2937959,Bone,DE,51.9669,12.1396,36.5,91,94,4.63
3430863,Mar del Plata,AR,-38.0023,-57.5575,62.87,86,75,8.99
4945455,Norfolk,US,42.1668,-71.2495,44.46,44,77,1.99
1507035,Dzerzhinskoye,RU,56.8344,95.2283,28.87,71,100,13.33
1337617,Muli,MV,2.9167,73.5667,83.23,72,59,16.08
704202,Krasnyy Luch,UA,48.1395,38.9371,31.98,98,100,5.88
964420,Port Elizabeth,ZA,-33.918,25.5701,66.49,94,20,8.05
2318123,Yenagoa,NG,4.9247,6.2642,82.71,78,88,6.04
2112309,Katsuura,JP,35.1333,140.3,50.92,73,100,10.0
3608828,Iralaya,HN,15.0,-83.2333,84.29,78,10,8.25
3379316,Lethem,GY,3.3803,-59.7968,93.51,41,82,11.41
3471451,Arraial do Cabo,BR,-22.9661,-42.0278,80.46,74,20,16.11
264371,Athens,GR,37.9795,23.7162,57.52,79,20,1.99
2120591,Tilichiki,RU,60.4667,166.1,-7.87,96,25,2.91
5850554,Makakilo City,US,21.3469,-158.0858,67.42,85,75,0.0
1503037,Kodinsk,RU,58.6881,99.1844,20.8,95,100,5.35
3391287,Prainha,BR,-1.8,-53.48,89.04,52,70,5.28
2654970,Brae,GB,60.3964,-1.353,39.11,62,92,13.15
2015352,Terney,RU,45.0503,136.6092,26.74,74,3,6.17
64013,Bosaso,SO,11.2842,49.1816,77.85,67,35,11.01
935215,Saint-Philippe,RE,-21.3585,55.7679,77.18,79,18,10.38
5546220,Saint George,US,37.1041,-113.5841,50.83,31,1,0.72
2110227,Butaritari,KI,3.0707,172.7902,82.11,80,78,15.52
3389609,Santa Inês,BR,-3.6667,-45.38,86.79,65,75,4.32
2184707,Wanaka,NZ,-44.7,169.15,44.11,89,100,4.72
2132606,Samarai,PG,-10.6167,150.6667,81.09,77,97,5.95
3361934,Saldanha,ZA,-33.0117,17.9442,69.85,86,12,8.52
5097801,Fairview,US,40.8126,-73.999,45.55,42,95,1.99
153955,Micheweni,TZ,-4.9667,39.8333,80.38,75,96,8.84
1510377,Belyy Yar,RU,53.6039,91.3903,15.85,73,0,6.71
790295,Mavrovi Anovi,MK,41.7025,20.7564,44.73,94,98,6.33
2123814,Leningradskiy,RU,69.3833,178.4167,-0.74,99,100,14.14
72181,Marzuq,YE,14.4,46.4667,64.65,44,0,1.3
2146219,Hervey Bay,AU,-25.2986,152.8535,71.02,90,16,3.0
4499379,Wilmington,US,34.2257,-77.9447,64.99,82,90,1.01
750468,Boyabat,TR,41.4689,34.7667,48.87,87,46,1.21
696478,Poroshkovo,UA,48.6683,22.7533,32.5,99,100,3.04
933995,Souillac,MU,-20.5167,57.5167,79.18,78,40,8.05
3939761,Hualmay,PE,-11.0964,-77.6139,70.03,78,100,9.31
1106643,Quatre Cocos,MU,-20.2078,57.7625,79.09,69,25,11.25
2630299,Hofn,IS,64.2539,-15.2082,28.42,100,75,5.75
1513491,Yangi Marg`ilon,UZ,40.4272,71.7189,41.72,70,100,4.61
2065594,Mount Isa,AU,-20.7333,139.5,74.97,69,47,8.05
3893726,Constitución,CL,-35.3333,-72.4167,70.79,53,3,7.2
4032243,Vaini,TO,-21.2,-175.2,75.36,94,75,10.36
523392,Naryan-Mar,RU,67.6713,53.087,15.55,87,79,9.44
877384,Tingi,TZ,-11.3,35.0333,76.77,44,88,6.8
3864331,Bell Ville,AR,-32.6259,-62.6887,83.97,40,8,6.8
1062663,Mahajanga,MG,-15.7167,46.3167,84.22,74,20,9.22
3351014,Camacupa,AO,-12.0167,17.4833,59.56,95,94,5.06
2033667,Xinqing,CN,48.2333,129.5,26.31,88,100,9.84
5354943,Half Moon Bay,US,37.4636,-122.4286,50.49,94,90,0.0
2028164,Deputatsky,RU,69.3,139.9,-19.55,95,100,1.12
6185377,Yellowknife,CA,62.456,-114.3525,-25.04,85,20,6.91
2322794,Suleja,NG,9.1758,7.1808,94.19,26,23,3.76
3622716,Nicoya,CR,10.1483,-85.452,85.55,61,8,8.14
3465038,Cuiabá,BR,-15.5961,-56.0967,91.33,58,75,6.91
1214488,Meulaboh,ID,4.1363,96.1285,77.49,85,85,2.91
605155,Kiruna,SE,67.8557,20.2251,-17.48,76,88,5.75
2084442,Vanimo,PG,-2.6741,141.3028,79.56,83,71,6.15
1858910,Kaga,JP,36.2997,136.3145,33.73,93,40,2.3
3402429,Caucaia,BR,-3.7361,-38.6531,83.03,73,40,23.02
2137773,Vao,NC,-22.6667,167.4833,73.35,88,100,22.5
5973108,Hearst,CA,49.6835,-83.6665,5.25,78,99,6.15
5513343,Sunrise Manor,US,36.2111,-115.0731,63.41,24,1,2.24
935214,Saint-Pierre,RE,-21.3393,55.4781,77.68,76,0,3.44
2027296,Aykhal,RU,66.0,111.5,-26.59,98,99,8.46
3520994,Puerto Escondido,MX,15.85,-97.0667,86.27,48,1,4.7
6145890,Shelburne,CA,44.0787,-80.2041,29.88,72,100,8.41
3944399,Chancay,PE,-11.5714,-77.2672,69.67,82,100,7.02
323828,Anamur,TR,36.0751,32.8369,61.72,57,5,11.1
2122605,Okhotsk,RU,59.3833,143.3,-13.77,87,22,10.83
4360369,Laurel,US,39.0993,-76.8483,49.44,42,1,1.01
3148133,Larsnes,NO,62.2028,5.5773,34.21,85,100,7.14
3460087,Jardim,BR,-21.4803,-56.1381,103.08,21,93,2.15
5231851,Sioux Falls,US,43.55,-96.7003,37.4,69,100,5.99
3393692,Itarema,BR,-2.9248,-39.9167,88.03,59,38,20.22
3013748,Hauterive,FR,46.0901,3.4459,41.0,88,100,11.79
3465769,Conceição da Barra,BR,-18.5933,-39.7322,82.96,62,61,7.07
4997130,Ingham,US,42.6,-84.3833,35.53,63,90,12.66
1035025,Nacala,MZ,-14.5428,40.6728,81.01,77,8,9.48
5991056,Kenora,CA,49.8167,-94.4337,20.05,86,90,6.91
4998842,Lapeer,US,43.0514,-83.3188,34.41,64,75,8.05
328709,Shambu,ET,9.5667,37.1,55.98,45,7,1.57
5983607,Inuvik,CA,68.3499,-133.7218,-14.8,73,90,4.61
6324729,Halifax,CA,44.6453,-63.5724,35.51,73,54,10.0
1735227,Kuantan,MY,3.8077,103.326,75.07,88,20,3.44
2121385,Severo-Kuril'sk,RU,50.6789,156.125,29.91,67,97,26.11
160677,Chake Chake,TZ,-5.2459,39.7666,79.07,76,98,7.36
3894426,Coyhaique,CL,-45.5752,-72.0662,68.61,47,50,9.53
1056899,Sambava,MG,-14.2667,50.1667,78.15,84,93,10.65
2074865,Carnarvon,AU,-24.8667,113.6333,77.07,65,0,14.97
3062439,Vrchlabí,CZ,50.627,15.6094,33.3,94,100,1.9
3355672,Lüderitz,NA,-26.6481,15.1594,65.14,77,0,18.61
1510689,Baykit,RU,61.67,96.37,-0.83,95,100,2.35
778707,Mehamn,NO,71.0357,27.8492,21.11,90,90,20.49
1264071,Malkāpur,IN,20.8833,76.2,70.14,50,1,3.85
1568574,Qui Nhon,VN,13.7667,109.2333,70.5,88,95,14.54
1235846,Matara,LK,5.9485,80.5353,77.36,90,81,3.69
1244926,Hambantota,LK,6.1241,81.1185,78.98,83,33,4.38
5445820,Liberal,US,37.0431,-100.921,53.82,28,0,8.93
4408672,Sikeston,US,36.8767,-89.5879,59.31,94,90,9.22
1701054,Marawi,PH,7.9986,124.2928,65.64,97,100,1.83
2126682,Bilibino,RU,68.0546,166.4372,-16.51,99,100,3.2
3412093,Vestmannaeyjar,IS,63.4427,-20.2734,41.31,96,100,48.59
513329,Ozinki,RU,51.1786,49.6769,31.41,99,100,10.96
3843123,Neuquén,AR,-38.9516,-68.0591,82.29,32,0,5.75
1525988,Ayagoz,KZ,47.9714,80.4392,18.73,91,100,2.33
1637001,Biak,ID,-0.9131,122.8766,77.32,80,100,5.41
175555,Nakonde,ZM,-9.3421,32.745,66.45,72,87,4.88
1810979,Fuling,CN,29.7022,107.3919,55.85,77,0,1.95
3393536,Olinda,BR,-8.0089,-34.8553,85.73,58,40,8.05
140521,Bījār,IR,35.8668,47.6051,38.55,30,62,3.98
1649150,Bengkulu,ID,-3.8004,102.2655,74.66,91,100,6.38
2077895,Alice Springs,AU,-23.7,133.8833,67.55,60,90,4.61
2409914,Bonthe,SL,7.5264,-12.505,83.98,69,56,11.1
3347353,Menongue,AO,-14.6585,17.691,64.08,95,100,6.58
779554,Honningsvåg,NO,70.9821,25.9704,24.87,81,63,21.94
292968,Abu Dhabi,AE,24.4667,54.3667,74.57,64,0,5.75
103630,Najrān,SA,17.4924,44.1277,65.05,31,0,3.89
5712169,Baker City,US,44.7749,-117.8344,33.44,70,55,8.95
3470137,Belmonte,BR,-15.8631,-38.8828,80.6,64,20,7.0
3995671,Mochicahui,MX,25.9333,-108.9333,77.11,38,100,5.32
1526038,Atbasar,KZ,51.8,68.3333,11.3,97,81,2.62
6319623,Taguatinga,BR,-12.3857,-46.5711,79.07,70,94,1.45
3386213,Touros,BR,-5.1989,-35.4608,90.5,63,7,17.47
1490364,Tabory,RU,58.5198,64.5495,10.18,86,80,4.72
2027109,Barguzin,RU,53.6167,109.6167,15.44,90,72,6.96
3420846,Qaqortoq,GL,60.7167,-46.0333,25.34,75,100,17.05
2377457,Nouadhibou,MR,20.931,-17.0347,78.78,31,20,9.22
2396518,Port-Gentil,GA,-0.7193,8.7815,80.71,83,100,11.18
4033557,Tautira,PF,-17.7333,-149.15,77.02,69,36,16.84
4569073,Aiken,US,33.5835,-81.5998,63.03,79,90,5.75
5274887,Suamico,US,44.6319,-88.0393,30.61,90,90,5.01
1684606,Taganak,PH,6.0833,118.3,77.09,69,20,11.54
2027806,Amazar,RU,53.858,120.875,7.9,82,66,5.55
3141667,Roald,NO,62.5833,6.1333,34.45,75,40,13.8
2120612,Tigil',RU,57.8,158.6667,18.43,93,100,16.73
1526273,Nur-Sultan,KZ,51.1801,71.446,28.35,86,75,6.71
2172880,Byron Bay,AU,-28.65,153.6167,65.44,88,50,7.99
2018735,Nyurba,RU,63.2842,118.3319,-22.58,86,60,8.46
3418910,Upernavik,GL,72.7868,-56.1549,29.68,66,100,8.03
4013679,Coahuayana Viejo,MX,18.7333,-103.6833,87.28,52,85,2.01
905395,Mufulira,ZM,-12.5498,28.2407,77.63,30,43,3.96
6453316,Tromsø,NO,69.6496,18.957,17.62,67,40,18.41
2145554,Ulladulla,AU,-35.35,150.4667,54.46,66,99,4.27
232713,Kajansi,UG,0.2081,32.5222,75.88,77,79,4.94
100926,Umluj,SA,25.0213,37.2685,77.88,76,21,6.49
2159220,Mackay,AU,-21.15,149.2,78.4,69,40,11.5
1106677,Bambous Virieux,MU,-20.3428,57.7575,79.05,78,40,8.05
2092164,Lorengau,PG,-2.0226,147.2712,83.35,83,100,16.58
5870133,Nome,US,64.5011,-165.4064,28.47,93,90,32.21
4036284,Alofi,NU,-19.0595,-169.9187,76.89,94,41,5.75
1608530,Nakhon Phanom,TH,17.3333,104.4167,56.79,67,37,5.39
1682598,Taytay,PH,14.5678,121.1394,77.09,73,20,3.44
5703673,Elko,US,41.0002,-115.5012,44.08,40,28,8.99
4115181,Hope,US,33.6671,-93.5916,71.17,93,100,10.09
4535823,Elk City,US,35.412,-99.4043,55.87,50,1,13.8
3832899,Viedma,AR,-40.8135,-62.9967,83.75,21,0,8.7
1255301,Susner,IN,23.95,76.0833,67.05,45,47,4.27
3571913,Marsh Harbour,BS,26.5412,-77.0636,78.33,65,53,15.05
2412408,Nioro,GM,13.35,-15.75,99.16,10,84,9.06
3414079,Olafsvik,IS,64.8945,-23.7142,39.25,95,100,51.11
515109,Oranzherei,RU,45.8476,47.5663,46.36,93,91,7.94
5353775,Grass Valley,US,39.2191,-121.0611,51.46,43,1,0.0
362973,Abnūb,EG,27.2696,31.1511,62.82,45,98,8.03
3347762,Lubango,AO,-14.9172,13.4925,63.63,87,94,1.92
2119283,Zyryanka,RU,65.75,150.85,-42.52,97,84,5.23
286621,Salalah,OM,17.0151,54.0924,74.97,51,0,1.9
2249281,Linguère,SN,15.3953,-15.1193,102.42,13,0,6.91
3914839,Huanuni,BO,-18.2667,-66.85,45.09,61,100,8.75
218680,Boende,CD,-0.2167,20.8667,73.0,86,99,1.63
5983720,Iqaluit,CA,63.7506,-68.5145,7.7,65,90,18.99
2121025,Srednekolymsk,RU,67.45,153.6833,-48.3,100,74,4.81
3374083,Bathsheba,BB,13.2167,-59.5167,86.61,62,40,23.02
2112539,Iwaki,JP,37.05,140.8833,41.04,73,6,3.27
666500,Soleşti,RO,46.7667,27.7833,39.11,84,100,7.92
1636308,Manokwari,ID,-0.8667,134.0833,77.92,88,100,5.61
5301388,Lake Havasu City,US,34.4839,-114.3224,61.5,26,1,3.0
2270385,Camacha,PT,33.0833,-16.3333,63.82,72,40,18.41
2246901,Oussouye,SN,12.485,-16.5469,86.09,25,65,7.47
1090467,Boueni,YT,-12.9025,45.0761,82.38,72,23,4.63
2512730,Peñarroya-Pueblonuevo,ES,38.3,-5.2667,49.44,62,41,13.06
3382160,Cayenne,GF,4.9333,-52.3333,82.09,83,75,1.99
3465329,Coruripe,BR,-10.1256,-36.1756,83.5,67,84,13.47
1078553,Ampanihy,MG,-24.7,44.75,80.17,51,0,9.75
5955826,Fort Frances,CA,48.5999,-93.4003,22.06,74,90,5.01
696292,Prymors'k,UA,46.7348,36.3443,38.52,86,99,4.41
245669,Adré,TD,13.4667,22.2,78.87,20,76,8.46
1784055,Zhuanghe,CN,39.7008,122.9911,42.53,83,3,4.29
3421719,Narsaq,GL,60.9167,-46.05,23.61,84,100,15.39
3389822,Salinópolis,BR,-0.6136,-47.3561,83.34,77,51,11.83
3860443,Comodoro Rivadavia,AR,-45.8667,-67.5,71.46,37,20,14.97
2374583,Bubaque,GW,11.2833,-15.8333,81.37,66,52,12.55
463355,Zheleznodorozhnyy,RU,55.7503,38.0042,28.11,96,93,4.7
2109701,Auki,SB,-8.7676,160.7034,76.96,89,99,6.08
5396987,Solano,US,38.2333,-121.9511,48.42,100,90,3.44
2128983,Nayoro,JP,44.3506,142.4578,25.3,90,95,7.94
2112802,Hasaki,JP,35.7333,140.8333,44.58,64,94,9.22
3400920,Elesbão Veloso,BR,-6.2019,-42.1403,88.16,48,75,4.47
3154907,Grong,NO,64.4654,12.3149,18.82,87,8,6.4
162627,Yabrūd,SY,33.9674,36.6574,42.46,67,61,2.89
3354077,Opuwo,NA,-18.0607,13.84,84.4,14,4,20.07
2067089,Maningrida,AU,-12.0667,134.2667,83.14,75,100,6.76
1812955,Dezhou,CN,37.4486,116.2925,41.95,60,44,6.08
2156643,Mount Gambier,AU,-37.8333,140.7667,46.31,87,91,0.0
2090021,Namatanai,PG,-3.6667,152.4333,77.68,88,100,6.76
5972291,Havre-St-Pierre,CA,50.2334,-63.5986,19.94,63,90,8.05
6096551,Pangnirtung,CA,66.1451,-65.7125,17.6,93,90,13.8
692944,Stanislav,UA,46.5691,32.1478,41.94,77,98,10.04
6456503,Les Mureaux,FR,49.0,1.9167,42.01,89,75,3.0
602150,Umeå,SE,63.8284,20.2597,10.33,92,90,4.61
898912,Serenje,ZM,-13.2325,30.2352,76.5,31,46,3.11
371745,Kutum,SD,14.2,24.6667,72.73,19,59,10.67
1738050,Marabu,MY,4.4148,114.0089,78.94,89,40,5.75
3419842,Sisimiut,GL,66.9395,-53.6735,25.99,75,99,8.28
347863,Sīwah,EG,29.2041,25.5195,62.01,45,0,7.27
2068110,Kununurra,AU,-15.7667,128.7333,73.38,100,100,14.97
656739,Ilmajoki,FI,62.7333,22.5667,-12.44,84,0,1.14
933366,Maun,BW,-19.9833,23.4167,75.54,57,100,5.59
1246294,Galle,LK,6.0367,80.217,79.3,84,69,4.27
2194098,Ahipara,NZ,-35.1667,173.1667,65.7,95,37,7.81
3127460,Burgos,ES,42.3394,-3.7079,37.81,87,75,10.36
3853510,Jesús María,AR,-30.9815,-64.0942,70.81,51,47,5.55
5690366,Mandan,US,46.8267,-100.8896,26.26,83,90,25.32
1213855,Sibolga,ID,1.7427,98.7792,76.98,86,100,2.44
1259184,Puri,IN,19.8,85.85,72.12,95,94,19.01
3421765,Nanortalik,GL,60.1432,-45.2371,29.07,56,100,29.84
1131461,Oruzgan,AF,32.8333,66.0,38.79,58,1,1.3
1816373,Bijie,CN,27.3125,105.2942,46.92,85,23,2.44
2638534,Sandwick,GB,60.0,-1.25,39.02,75,40,8.05
2112444,Kamaishi,JP,39.2667,141.8833,37.56,72,3,6.08
2236967,Soyo,AO,-6.1349,12.3689,80.83,82,98,8.55
1253898,Ukwā,IN,21.9667,80.4667,62.15,69,0,3.24
214614,Kamina,CD,-8.7386,24.9906,66.61,95,99,7.0
5710360,Winnemucca,US,40.973,-117.7357,49.1,41,76,5.75
2449893,Tessalit,ML,20.1986,1.0114,78.4,11,45,12.12
1337612,Dhidhdhoo,MV,6.8833,73.1,82.4,74,79,8.66
3899539,Antofagasta,CL,-23.65,-70.4,72.21,53,66,9.86
922704,Lubumbashi,CD,-11.6609,27.4794,79.45,34,85,2.55
6111862,Port Hardy,CA,50.6996,-127.4199,33.12,80,75,4.61
4231997,Avera,US,33.194,-82.5271,64.13,64,7,3.22
2122104,Petropavlovsk-Kamchatskiy,RU,53.0452,158.6483,12.79,79,75,4.47
3115739,Narón,ES,43.5167,-8.1528,53.76,86,99,12.95
2014078,Urusha,RU,54.05,122.9,0.97,97,92,2.35
866062,Iskateley,RU,67.6803,53.1512,15.49,87,79,9.4
692818,Starokostiantyniv,UA,49.7576,27.2034,28.09,89,100,7.0
3761194,Miraflores,MX,19.2167,-98.8083,59.79,38,1,4.25
3855607,Fernández,AR,-27.9204,-63.8935,87.22,45,95,1.99
3372472,Vila Franca do Campo,PT,37.7167,-25.4333,66.61,80,49,4.23
6063191,Mackenzie,CA,55.2999,-123.1698,-1.98,84,90,6.91
3430443,Necochea,AR,-38.5473,-58.7368,71.04,51,25,13.8
1280849,Kashgar,CN,39.4547,75.9797,29.41,50,20,4.47
2425791,Sarh,TD,9.1429,18.3923,94.91,29,0,6.91
6113406,Prince Rupert,CA,54.3161,-130.3201,31.86,80,75,8.05
2654728,Bridlington,GB,54.0831,-0.1919,42.96,78,83,17.96
1856392,Muroto-misakicho,JP,33.2833,134.15,51.98,68,9,8.19
475469,Verkhnetulomskiy,RU,68.6073,31.7962,-4.36,97,55,5.14
3408368,Acaraú,BR,-2.8856,-40.12,88.23,60,40,21.61
5935341,Dauphin,CA,51.1494,-100.0502,10.54,79,90,17.27
4684904,Dallas,US,32.7668,-96.7836,70.9,81,100,4.0
324190,Alanya,TR,36.5438,31.9998,62.13,66,0,7.02
2993874,Arrondissement de Millau,FR,44.0833,2.9167,38.12,89,95,10.51
57000,Hobyo,SO,5.3505,48.5268,79.57,73,5,18.14
3430545,Morón,AR,-34.6534,-58.6198,74.52,62,75,4.97
2094027,Kieta,PG,-6.2167,155.6333,79.02,84,100,3.69
4437982,Natchez,US,31.5604,-91.4032,70.25,66,68,9.13
3175034,Lauria,IT,40.0465,15.8358,48.81,97,98,13.35
1786855,Yatou,CN,37.15,122.3833,46.49,80,0,9.57
1529651,Altay,CN,47.8667,88.1167,33.75,55,100,6.02
5392171,San Jose,US,37.3394,-121.895,51.33,84,90,0.0
3377301,Mabaruma,GY,8.2,-59.7833,85.01,64,51,6.82
1252783,Yārāda,IN,17.65,83.2667,79.12,78,40,4.61
3440777,Rocha,UY,-34.4833,-54.3333,71.1,80,62,9.24
2022463,Khilok,RU,51.3674,110.4676,17.17,72,39,10.07
2524683,Gairo,IT,39.8497,9.5047,40.5,81,90,4.43
2514651,Los Llanos de Aridane,ES,28.6585,-17.9182,66.13,61,75,5.99
3374333,Praia,CV,14.9215,-23.5087,79.34,61,0,19.57
1218612,Murgab,TM,37.4966,61.9714,46.27,71,0,9.22
2518878,Denia,ES,38.8408,0.1057,58.62,44,11,11.99
3093739,Lębork,PL,54.5392,17.7501,37.09,89,100,10.51
360502,Luxor,EG,25.6989,32.6421,64.45,36,79,4.61
1688781,City of San Pedro,PH,14.35,121.0167,74.93,75,20,3.44
2902768,Hof,DE,50.3167,11.9167,32.13,88,40,0.0
1895695,Kushima,JP,31.4583,131.2333,50.0,76,39,4.09
3480780,Horqueta,PY,-23.3428,-57.0597,94.08,37,92,0.89
525426,Sobolevo,RU,54.4299,31.8996,20.95,98,29,4.68
2138555,Poum,NC,-20.2333,164.0167,79.54,79,47,14.63
1150338,Tha Chang,TH,9.2642,99.1922,79.21,74,98,6.6
2167426,Emerald,AU,-23.5333,148.1667,71.89,76,3,8.05
2191562,Dunedin,NZ,-45.8742,170.5036,48.13,81,100,7.65
3352263,Warmbad,NA,-28.45,18.7333,68.76,43,77,21.45
6137462,Saint-Augustin,CA,51.226,-58.6502,23.41,50,67,7.63
3531368,Celestún,MX,20.8667,-90.4,79.7,50,0,4.32
777019,Vardø,NO,70.3705,31.1107,10.38,72,40,24.16
3981391,Tomatlán,MX,19.9333,-105.25,83.12,62,91,2.37
3575660,Pointe Michel,DM,15.25,-61.3833,86.94,62,40,9.22
2094342,Kavieng,PG,-2.5744,150.7967,80.8,83,100,11.77
2278158,Buchanan,LR,5.8808,-10.0467,87.76,73,68,6.62
965241,Piet Retief,ZA,-27.0071,30.8132,63.88,88,98,3.94
2071860,Esperance,AU,-33.8667,121.9,58.84,83,41,9.26
1797264,Quzhou,CN,28.9594,118.8686,47.5,76,0,1.03
779622,Havøysund,NO,70.9963,24.6622,23.88,88,98,21.05
1160939,Iranshahr,IR,27.2025,60.6848,63.27,32,2,2.21
2408154,Kamakwie,SL,9.5,-12.2333,93.83,29,59,2.57
2016307,Solnechnyy,RU,50.7214,136.6319,7.81,93,83,4.97
3669469,San Juan del Cesar,CO,10.7711,-73.0031,93.11,39,88,8.39
1259395,Porbandar,IN,21.6422,69.6093,75.7,46,1,12.66
1510030,Biskamzha,RU,53.4497,89.5272,16.95,100,100,3.8
3443061,Chui,UY,-33.6971,-53.4616,72.61,65,65,10.78
701802,Markova,UA,48.6758,24.4138,27.99,95,85,2.73
7671223,Kloulklubed,PW,7.0419,134.2556,83.07,74,100,4.18
1254046,Tura,IN,25.5198,90.2201,66.4,82,99,1.79
2319257,Wamba,NG,8.9333,8.6,86.68,25,71,2.37
2079582,Alyangula,AU,-13.8483,136.4192,84.38,70,72,8.5
3883167,Linares,CL,-35.85,-71.6,97.14,10,0,6.13
5855051,‘Ewa Beach,US,21.3156,-158.0072,69.24,84,75,8.01
2109528,Buala,SB,-8.145,159.5921,79.2,85,100,5.68
3059101,Levice,SK,48.2156,18.6071,34.34,98,100,2.26
3939168,Huarmey,PE,-10.0681,-78.1522,69.69,80,98,8.81
583573,Russkiy Aktash,RU,55.0384,52.1214,25.95,81,100,6.33
8079926,Labuhan,ID,-6.8844,112.2051,79.56,82,100,11.03
584596,Zaqatala,AZ,41.6336,46.6433,49.5,37,73,6.82
3388847,São Félix do Xingu,BR,-6.6447,-51.995,83.39,69,98,4.63
2176639,Batemans Bay,AU,-35.7167,150.1833,58.05,64,98,3.27
2315417,Inongo,CD,-1.95,18.2667,76.33,83,73,8.05
2242885,Camabatela,AO,-8.1881,15.375,66.58,93,92,1.95
3468031,Camaçari,BR,-12.6975,-38.3242,84.11,63,19,8.48
172515,Abu Samrah,SY,35.3029,37.1841,55.24,44,80,7.76
3395458,Maragogi,BR,-9.0122,-35.2225,81.7,75,48,11.25
4021858,Guerrero Negro,MX,27.9769,-114.0611,66.22,73,24,9.42
1517060,Zaysan,KZ,47.4667,84.8667,21.4,90,100,0.54
6050066,La Ronge,CA,55.1001,-105.2842,-10.07,88,88,9.57
3460671,Itápolis,BR,-21.5956,-48.8128,86.95,45,36,5.84
3175096,Laas,IT,46.6166,10.7002,31.28,93,100,5.77
3460355,Jaciara,BR,-15.9653,-54.9683,88.92,55,100,3.27
783493,Trojes,AL,41.756,19.962,50.49,82,100,6.02
2636432,Swansea,GB,51.6208,-3.9432,41.77,78,8,4.0
2522952,Terrasini,IT,38.146,13.0844,52.43,78,40,9.22
2125906,Dukat,RU,62.55,155.55,-32.53,100,62,5.1
2038665,Alihe,CN,50.5667,123.7167,17.49,76,8,7.63
60019,Eyl,SO,7.9803,49.8164,77.92,70,88,20.89
6945979,Lillooet,CA,50.6856,-121.942,22.46,63,79,2.24
2100933,Ambunti,PG,-4.2365,142.8448,77.11,94,100,0.43
2450173,Taoudenni,ML,22.6783,-3.9836,69.98,14,99,10.47
1788852,Xining,CN,36.6167,101.7667,27.99,38,14,0.94
4088628,Saraland,US,30.8207,-88.0706,74.5,73,10,7.07
2028028,Aksha,RU,50.2814,113.2867,15.33,72,38,6.82
2120048,Ust-Nera,RU,64.5667,143.2,-27.87,98,96,4.63
2138285,Tadine,NC,-21.55,167.8833,74.89,87,100,12.77
3137469,Sørland,NO,67.667,12.6934,28.26,83,79,12.26
3466980,Caravelas,BR,-17.7125,-39.2481,82.58,59,44,9.22
3671450,Inírida,CO,3.8653,-67.9239,86.88,66,88,0.89
3901547,Villamontes,BO,-21.25,-63.5,70.63,92,100,3.04
1082243,Ambilobe,MG,-13.2,49.05,81.9,60,12,9.6
1712961,Gigmoto,PH,13.7796,124.39,76.55,82,76,11.03
5364271,Laguna,US,38.421,-121.4238,47.46,96,90,1.01
2514301,Mahon,ES,39.8885,4.2658,45.16,87,40,9.22
2447513,Arlit,NE,18.7369,7.3853,78.37,12,2,7.49
3452599,Posse,BR,-14.0931,-46.3694,77.79,68,83,5.75
4946620,Palmer,US,42.1584,-72.3287,41.5,50,96,1.01
1229989,Point Pedro,LK,9.8167,80.2333,80.42,78,0,6.38
503682,Putyatino,RU,54.16,41.1169,27.5,81,39,4.85
5392593,San Ramon,US,37.7799,-121.978,48.38,97,90,3.44
527321,Mezen',RU,65.8522,44.24,13.05,91,39,6.29
2171465,Clarence Town,AU,-32.5833,151.7833,63.57,79,78,2.39
5289282,Chandler,US,33.3062,-111.8412,63.14,35,0,3.22
532138,Makar'yev,RU,57.8797,43.8069,1.81,94,29,3.74
293842,Kiryat Gat,IL,31.61,34.7642,60.58,36,7,6.44
3188366,Vareš,BA,44.1644,18.3283,34.92,100,100,1.81
5942798,Drumheller,CA,51.4617,-112.7101,5.05,96,53,6.06
2128975,Nemuro,JP,43.3236,145.575,37.04,60,0,10.92
1648082,Boyolangu,ID,-8.1181,111.8935,74.8,90,100,1.95
556516,Imeni Stepana Razina,RU,54.8932,44.2963,28.02,91,95,3.78
6149374,Slave Lake,CA,55.2834,-114.769,-5.82,77,40,14.97
2399001,Mayumba,GA,-3.432,10.6554,80.15,86,100,8.66
5847411,Kahului,US,20.8947,-156.47,66.97,87,100,7.81
187968,Malindi,KE,-3.2175,40.1191,80.22,76,95,10.74
3602428,San Antonio del Norte,HN,13.8844,-87.7031,89.11,42,6,9.1
5131638,Plainview,US,40.7765,-73.4673,46.0,38,94,3.0
3868707,Valdivia,CL,-39.8142,-73.2459,71.69,26,0,7.96
5919850,Chapais,CA,49.7834,-74.8492,2.98,84,93,9.57
1269751,Indi,IN,17.1667,75.9667,75.42,56,11,5.99
3460197,Jaguaruna,BR,-28.615,-49.0256,85.24,69,26,15.3
415189,Aden,YE,12.7794,45.0367,80.31,63,4,12.95
5421250,Englewood,US,39.6478,-104.9878,59.76,16,35,4.0
4236895,Decatur,US,39.8403,-88.9548,39.78,100,90,16.11
2688250,Norrtälje,SE,59.758,18.705,20.57,70,95,6.6
667303,Sfântu Gheorghe,RO,45.8667,25.7833,30.81,81,79,2.91
2636177,Taunton,GB,51.0211,-3.1047,44.06,74,61,5.01
3664980,Boa Vista,BR,2.8197,-60.6733,89.58,51,75,18.41
1067565,Beloha,MG,-25.1667,45.05,79.18,63,0,8.03
359792,Aswān,EG,24.0934,32.907,70.9,26,0,13.8
912628,Kasempa,ZM,-13.4584,25.8338,78.69,27,37,3.29
2510573,Teguise,ES,29.0605,-13.564,64.62,68,20,23.02
2441530,Madaoua,NE,14.073,5.96,83.21,14,70,8.99
2138522,Poya,NC,-21.35,165.15,77.14,83,29,5.17
5861897,Fairbanks,US,64.8378,-147.7164,-14.04,75,1,0.0
3994535,Ocampo,MX,21.65,-101.5,63.61,27,62,5.19
2027316,Ayan,RU,56.45,138.1667,22.37,64,100,8.23
638936,Rovaniemi,FI,66.5,25.7167,-4.59,84,75,3.44
1655140,Pakxan,LA,18.3778,103.6601,57.22,66,41,3.85
2426370,Umm Hājar,TD,13.2954,19.6966,86.88,18,69,4.97
1519385,Sergeevka,KZ,53.88,67.4158,25.36,90,81,11.9
2136825,Isangel,VU,-19.55,169.2667,78.01,82,53,8.79
